<?xml version="1.0" encoding="UTF-8"?>

<mule xmlns:tracking="http://www.mulesoft.org/schema/mule/ee/tracking" xmlns:dw="http://www.mulesoft.org/schema/mule/ee/dw" xmlns:ws="http://www.mulesoft.org/schema/mule/ws" xmlns:db="http://www.mulesoft.org/schema/mule/db" xmlns:json="http://www.mulesoft.org/schema/mule/json" xmlns:metadata="http://www.mulesoft.org/schema/mule/metadata" xmlns:http="http://www.mulesoft.org/schema/mule/http" xmlns="http://www.mulesoft.org/schema/mule/core" xmlns:doc="http://www.mulesoft.org/schema/mule/documentation"
	xmlns:spring="http://www.springframework.org/schema/beans" 
	xmlns:xsi="http://www.w3.org/2001/XMLSchema-instance"
	xsi:schemaLocation="http://www.springframework.org/schema/beans http://www.springframework.org/schema/beans/spring-beans-current.xsd
http://www.mulesoft.org/schema/mule/core http://www.mulesoft.org/schema/mule/core/current/mule.xsd
http://www.mulesoft.org/schema/mule/http http://www.mulesoft.org/schema/mule/http/current/mule-http.xsd
http://www.mulesoft.org/schema/mule/ws http://www.mulesoft.org/schema/mule/ws/current/mule-ws.xsd
http://www.mulesoft.org/schema/mule/db http://www.mulesoft.org/schema/mule/db/current/mule-db.xsd
http://www.mulesoft.org/schema/mule/json http://www.mulesoft.org/schema/mule/json/current/mule-json.xsd
http://www.mulesoft.org/schema/mule/ee/dw http://www.mulesoft.org/schema/mule/ee/dw/current/dw.xsd
http://www.mulesoft.org/schema/mule/ee/tracking http://www.mulesoft.org/schema/mule/ee/tracking/current/mule-tracking-ee.xsd">
    <db:mysql-config name="MySQL_Configuration" host="mudb.mulesoft-training.com" port="3306" user="mule" password="mule" database="training" doc:name="MySQL Configuration"/>
    <flow name="GetFlightsFlow">
        <db:select config-ref="MySQL_Configuration" doc:name="Database">
            <db:parameterized-query><![CDATA[select * from american]]></db:parameterized-query>
        </db:select>
        <dw:transform-message doc:name="Transform Message" metadata:id="9e55bd1a-c1c2-4613-9577-f2addee56e4a">
            <dw:set-payload><![CDATA[%dw 1.0
%output application/json
---
payload map ((payload01 , indexOfPayload01) -> {
	ID: payload01.ID,
	code: payload01.code2++ payload01.code1,
	price: payload01.price as :number,
	departureDate: payload01.takeOffDate as :string,
	origin: payload01.fromAirport,
	destination: payload01.toAirport,
	emptySeats: payload01.seatsAvailable as :number,
	plane: {
		type: payload01.planeType,
		totalSeats: payload01.totalSeats as :number
	}
})]]></dw:set-payload>
        </dw:transform-message>
        <logger message="#['DATA SQL ' + payload]" level="INFO" doc:name="Logger"/>
    </flow>
    <flow name="GetFlightsByIDFlow">
        <db:select config-ref="MySQL_Configuration" doc:name="Copy_of_Database">
            <db:parameterized-query><![CDATA[select * from american where ID = #[message.inboundProperties.'http.uri.params'.ID]]]></db:parameterized-query>
        </db:select>
        <dw:transform-message doc:name="Copy_of_Transform Message" metadata:id="9e55bd1a-c1c2-4613-9577-f2addee56e4a">
            <dw:set-payload><![CDATA[%dw 1.0
%output application/json
---
payload map ((payload01 , indexOfPayload01) -> {
	ID: payload01.ID,
	code: payload01.code2
++ payload01.code1,
	price: payload01.price as :number,
	departureDate: payload01.takeOffDate as :string,
	origin: payload01.fromAirport,
	destination: payload01.toAirport,
	emptySeats: payload01.seatsAvailable as :number,
	plane: {
		type: payload01.planeType,
		totalSeats: payload01.totalSeats as :number
	}
})]]></dw:set-payload>
        </dw:transform-message>
        <logger message="#['DATA SQL ' + payload]" level="INFO" doc:name="Copy_of_Logger"/>
    </flow>
</mule>
